cupID,tray,line_pos,pop,line,age,rep,surv_d1,cons_d1,surv_d2,cons_d2,surv_d3,cons_d3,surv_d4,cons_d4,surv_d5,cons_d5,surv_d6,cons_d6,surv_d7,cons_d7,surv_d8,cons_d8,surv_d9,cons_d9
1,1,1,Whitehall,18,mature,1,5,2,5,3,5,1,5,4,5,11,5,3,5,12,5,33,,
2,1,2,MacArthur,5,mature,1,5,1,5,1,4,2,4,1,4,3,3,4,3,2,3,11,,
3,1,3,Gen Butler,3,mature,1,5,3,5,8,5,2,5,10,5,12,5,17,5,16,5,30,,
4,1,4,Center Hill,7,mature,1,5,2,5,4,5,1,5,5,5,2,5,5,5,7,5,16,,
5,1,5,KBS,9,mature,1,4,1,4,4,4,2,4,4,4,6,4,4,4,8,4,22,,
6,1,6,OCM,10,mature,1,5,2,5,6,5,2,5,5,4,8,4,9,3,7,3,12,,
7,1,7,Dalton,4,mature,1,5,1,5,3,5,1,5,2,5,4,5,2,5,9,5,27,,
8,1,8,KBS,2,mature,1,5,2,5,6,5,2,5,7,5,12,5,9,5,21,5,40,,
9,1,9,Center Hill,3,mature,1,5,1,5,4,5,2,4,2,4,6,4,2,3,1,3,7,,
10,1,10,Dalton,8,mature,1,5,2,5,5,5,4,5,7,5,11,4,15,5,23,5,50,,
11,1,11,McPhee,8,mature,1,5,5,5,8,5,3,5,7,5,15,5,40,5,20,5,80,,
12,1,12,OCM,17,mature,1,5,1,5,2,5,2,4,3,4,4,4,4,4,4,3,26,,
13,1,13,With,43,mature,1,5,1,5,1,5,1,5,1,4,1,3,1,3,1,3,1,,
14,1,14,Bella,2,mature,1,5,2,5,1,5,5,5,6,5,6,5,10,5,11,5,27,,
15,1,15,HV,3,mature,1,4,1,4,2,4,2,3,5,3,4,3,10,3,15,2,8,,
16,1,16,Whitehall,16,mature,1,5,3,5,4,5,6,5,6,5,8,5,9,5,10,5,34,,
17,1,17,Bella,3,mature,1,5,3,5,4,5,0,5,5,5,6,5,9,5,16,5,27,,
18,1,18,HV,10,mature,1,5,5,5,9,5,4,5,12,5,8,5,30,5,34,4,21,,
19,1,19,McPhee,7,mature,1,5,3,5,3,5,6,5,4,4,3,4,3,4,12,4,25,,
20,1,20,MacArthur,15,mature,1,5,2,5,2,5,4,5,5,5,3,5,7,5,9,5,11,,
21,1,21,TT,7,mature,1,5,2,5,1,5,2,5,4,5,3,5,11,5,15,5,16,,
22,1,22,KBS,8,mature,1,5,3,5,5,5,3,5,7,5,10,5,5,5,14,5,47,,
23,1,23,OCM,18,mature,1,5,3,5,2,5,0,5,1,5,2,5,6,5,12,5,17,,
24,1,24,Caesar,7,mature,1,5,6,5,10,5,7,5,15,4,12,4,34,4,28,4,60,,
25,1,25,Gav,23,mature,1,5,6,5,3,5,2,5,3,5,9,5,2,5,10,5,21,,
26,1,26,Hwy 27,6,mature,1,4,1,4,2,4,1,3,1,3,1,3,2,3,3,3,1,,
27,2,27,HV,5,mature,1,4,1,4,3,4,3,3,7,3,8,3,16,3,22,3,64,,
28,2,28,TT,25,mature,1,5,0,5,1,5,1,4,2,4,5,4,6,4,5,4,23,,
29,2,29,With,46,mature,1,5,1,4,0,4,2,3,2,3,1,3,2,3,4,3,8,,
30,2,30,With,42,mature,1,4,2,4,3,4,4,4,1,4,1,4,3,4,1,3,3,,
31,2,31,Bella,21,mature,1,5,1,4,2,4,1,5,1,4,1,3,1,3,2,3,3,,
32,2,32,Dalton,9,mature,1,5,2,5,5,5,4,5,8,5,4,4,5,4,12,3,16,,
33,2,33,Gav,22,mature,1,5,0,5,4,5,1,4,4,4,2,3,1,3,3,3,18,,
34,2,34,Tiri,12,mature,1,5,2,4,3,4,3,4,6,4,3,4,11,4,13,4,40,,
35,2,35,Hwy 27,1,mature,1,3,0,3,4,3,2,3,3,3,4,3,7,3,9,3,15,,
36,2,36,Whitehall,3,mature,1,5,1,5,3,4,1,4,1,4,3,3,3,3,6,3,9,,
37,2,37,Gav,1,mature,1,3,1,3,3,3,7,3,10,3,2,3,18,3,9,3,68,,
38,2,38,OCM,5,mature,1,5,2,5,1,5,5,5,5,5,3,4,14,4,13,4,52,,
39,2,39,Bella,13,mature,1,5,3,5,3,5,10,5,18,5,2,5,52,5,30,5,112,,
40,2,40,McPhee,6,mature,1,5,2,5,2,5,13,5,6,5,9,5,35,5,19,5,96,,
41,2,41,TT,9,mature,1,5,3,4,1,4,8,4,7,4,1,4,28,4,25,4,108,,
42,2,42,Gen Butler,7,mature,1,5,3,5,1,5,18,5,9,5,8,5,38,5,56,5,160,,
43,2,43,Gen Butler,1,mature,1,4,1,4,3,4,3,4,3,4,4,4,7,4,21,4,48,,
44,2,44,Hwy 27,2,mature,1,5,2,5,4,5,2,5,4,5,5,5,10,5,10,4,38,,
45,2,45,Whitehall,17,mature,1,5,0,5,3,5,3,5,3,5,4,5,15,5,20,5,52,,
46,2,46,Gen Butler,9,mature,1,5,1,4,3,4,10,3,3,3,3,3,17,3,21,3,60,,
47,2,47,MacArthur,22,mature,1,5,2,5,5,5,5,5,2,5,1,5,1,5,4,5,10,,
48,2,48,Tiri,16,mature,1,4,0,3,2,3,2,5,3,4,2,3,8,3,0,3,13,,
49,2,49,Caesar,10,mature,1,5,3,5,3,5,17,3,0,5,2,5,28,5,31,5,80,,
50,2,50,OCM,16,mature,1,5,1,5,2,5,10,5,8,5,4,5,18,5,25,5,44,,
51,2,51,MacArthur,16,mature,1,5,1,5,1,5,2,5,5,5,3,5,3,5,10,5,24,,
52,2,52,HV,13,mature,1,4,1,3,3,3,6,3,7,3,6,3,36,3,25,3,48,,
53,3,53,Gav,6,mature,1,5,2,5,3,5,2,5,3,5,8,5,1,5,9,5,26,,
54,3,54,KBS,5,mature,1,5,3,4,3,4,3,4,3,4,,4,2,4,4,3,9,,
55,3,55,KBS,12,mature,1,5,1,5,7,5,7,5,4,5,10,5,9,5,6,5,18,,
56,3,56,MacArthur,21,mature,1,5,0,4,3,4,1,4,1,4,5,4,5,4,8,3,14,,
57,3,57,With,48,mature,1,4,0,4,3,4,1,4,5,3,4,3,1,3,12,3,10,,
58,3,58,Tiri,5,mature,1,5,1,5,4,5,0,5,5,5,8,5,4,5,17,5,13,,
59,3,59,Tiri,1,mature,1,5,2,5,3,5,2,4,4,4,1,4,4,4,19,3,13,,
60,3,60,Caesar,9,mature,1,2,0,2,0,2,1,2,1,2,0,2,1,1,1,1,1,,
61,3,61,Hwy 27,8,mature,1,5,2,4,3,4,1,4,2,4,2,3,4,3,3,3,7,,
62,3,62,Caesar,5,mature,1,5,2,5,6,5,6,4,23,4,11,4,40,4,34,4,27,,
63,3,63,TT,10,mature,1,5,0,3,2,3,1,3,5,3,4,3,11,3,52,3,28,,
64,3,64,Tiri,22,mature,1,5,2,5,2,4,7,4,7,4,4,4,13,4,29,4,26,,
65,3,65,McPhee,2,mature,1,4,1,3,5,3,2,3,9,3,34,3,30,3,20,3,96,,
66,3,66,With,47,mature,1,5,1,5,3,5,4,5,5,5,5,4,8,4,13,4,23,,
67,3,67,Center Hill,2,mature,1,5,1,5,4,5,4,5,8,5,4,5,5,5,16,5,21,,
68,3,68,Dalton,2,mature,1,5,2,5,8,5,7,5,19,5,8,5,12,5,33,5,21,,
69,3,69,Center Hill,8,mature,1,5,3,5,5,5,3,5,17,5,13,5,28,5,66,5,36,,
70,3,70,Dalton,6,mature,1,5,2,5,5,5,3,5,13,5,13,5,20,5,26,5,27,,
71,3,71,TT,5,mature,1,4,2,4,3,4,11,4,11,4,8,4,20,4,42,4,26,,
72,3,72,Hwy 27,3,mature,1,4,1,4,2,4,4,4,7,4,5,4,4,4,18,4,9,,
73,3,73,Bella,4,mature,1,5,1,5,6,4,7,4,3,4,6,4,4,4,25,4,20,,
74,3,74,Center Hill,1,mature,1,5,3,4,4,4,7,4,16,4,6,4,11,4,18,4,24,,
75,3,75,Gen Butler,2,mature,1,5,2,5,5,5,18,5,12,5,18,5,38,5,46,5,136,,
76,3,76,Whitehall,2,mature,1,3,0,3,2,3,1,3,5,3,3,3,3,3,7,3,10,,
77,3,77,HV,7,mature,1,5,3,5,6,5,17,5,15,5,34,5,64,5,24,5,160,,
78,3,78,McPhee,1,mature,1,4,1,3,5,3,4,3,4,3,2,3,1,3,9,3,6,,
79,4,1,Whitehall,18,mature,2,5,3,5,2,5,2,5,3,4,3,4,5,4,4,4,25,,
80,4,2,MacArthur,5,mature,2,5,2,4,2,4,1,4,2,4,5,4,4,4,7,4,15,,
81,4,3,Gen Butler,3,mature,2,5,4,5,4,5,5,5,12,5,9,5,20,5,24,5,10,,
82,4,4,Center Hill,7,mature,2,5,3,5,7,5,1,5,5,5,3,3,3,3,11,3,22,,
83,4,5,KBS,9,mature,2,5,3,5,3,5,2,5,12,5,14,5,18,5,17,5,46,,
84,4,6,OCM,10,mature,2,5,2,5,3,5,2,5,2,5,10,5,6,5,5,5,13,,
85,4,7,Dalton,4,mature,2,5,6,5,4,5,7,5,19,5,15,5,21,5,30,5,32,,
86,4,8,KBS,2,mature,2,5,5,5,4,5,6,5,10,5,21,5,20,5,26,5,168,,
87,4,9,Center Hill,3,mature,2,5,3,5,3,5,7,5,12,5,25,5,24,5,13,5,50,,
88,4,10,Dalton,8,mature,2,5,4,5,2,5,9,5,4,4,20,4,22,4,13,4,76,,
89,4,11,McPhee,8,mature,2,5,8,5,7,5,5,4,9,4,6,4,16,4,16,4,34,,
90,4,12,OCM,17,mature,2,5,2,5,4,5,3,4,8,4,6,4,10,4,14,4,32,,
91,4,13,With,43,mature,2,5,3,5,3,5,3,5,14,5,10,5,18,5,38,5,36,,
92,4,14,Bella,2,mature,2,5,1,5,4,5,1,4,9,4,8,4,16,4,26,4,21,,
93,4,15,HV,3,mature,2,5,4,5,3,5,8,5,11,5,34,5,24,5,30,5,72,,
94,4,16,Whitehall,16,mature,2,4,2,4,4,4,3,4,8,4,8,4,9,4,22,4,24,,
95,4,17,Bella,3,mature,2,4,1,4,3,4,3,4,6,4,7,4,8,4,22,4,10,,
96,4,18,HV,10,mature,2,5,3,5,5,5,6,5,8,4,4,4,17,4,15,4,16,,
97,4,19,McPhee,7,mature,2,5,2,5,3,5,8,5,10,5,15,5,18,1,0,1,4,,
98,4,20,MacArthur,15,mature,2,5,2,5,0,5,3,5,1,4,1,3,3,3,1,3,1,,
99,4,21,TT,7,mature,2,5,2,4,3,4,2,4,8,4,4,4,12,4,19,4,9,,
100,4,22,KBS,8,mature,2,5,3,5,5,5,4,5,7,5,11,5,10,5,21,5,56,,
101,4,23,OCM,18,mature,2,5,2,5,4,5,4,5,6,5,6,5,16,5,15,5,30,,
102,4,24,Caesar,7,mature,2,5,2,5,9,5,7,5,7,5,14,5,20,4,26,4,29,,
103,4,25,Gav,23,mature,2,5,1,5,5,5,6,5,9,5,12,5,8,5,33,5,21,,
104,4,26,Hwy 27,6,mature,2,5,1,5,1,4,1,5,2,4,1,3,2,3,10,3,5,,
105,5,27,HV,5,mature,2,4,2,4,3,4,1,4,2,4,3,4,5,4,21,4,17,,
106,5,28,TT,25,mature,2,5,3,5,3,5,6,5,6,5,9,5,10,5,44,5,39,,
107,5,29,With,46,mature,2,5,2,5,3,5,2,4,2,4,2,4,2,4,9,4,14,,
108,5,30,With,42,mature,2,5,1,5,2,5,5,5,2,5,5,5,5,5,17,5,27,,
109,5,31,Bella,21,mature,2,5,3,5,3,4,5,4,2,4,2,4,2,4,9,4,13,,
110,5,32,Dalton,9,mature,2,5,3,5,3,5,3,5,3,5,4,5,3,5,14,3,12,,
111,5,33,Gav,22,mature,2,5,2,5,5,5,5,5,4,5,6,5,6,5,12,5,33,,
112,5,34,Tiri,12,mature,2,5,1,5,4,5,4,4,5,4,4,4,15,4,34,4,15,,
113,5,35,Hwy 27,1,mature,2,5,2,5,5,4,8,4,5,4,5,4,9,4,15,4,8,,
114,5,36,Whitehall,3,mature,2,5,2,5,3,5,9,5,8,5,2,5,13,5,27,5,22,,
115,5,37,Gav,1,mature,2,5,2,5,4,5,3,5,7,5,8,5,6,5,33,5,60,,
116,5,38,OCM,5,mature,2,5,2,5,4,4,3,4,4,4,3,4,4,4,16,4,116,,
117,5,39,Bella,13,mature,2,5,1,5,3,5,4,5,6,5,4,5,13,5,33,5,27,,
118,5,40,McPhee,6,mature,2,5,4,5,7,5,10,5,6,5,4,5,22,5,34,5,100,,
119,5,41,TT,9,mature,2,5,2,5,5,5,5,5,6,5,1,5,4,5,21,5,36,,
120,5,42,Gen Butler,7,mature,2,5,3,5,3,5,8,5,4,5,19,5,5,5,23,5,39,,
121,5,43,Gen Butler,1,mature,2,5,0,3,0,1,1,0,0,0,0,0,0,0,0,0,0,,
122,5,44,Hwy 27,2,mature,2,5,2,5,3,5,5,4,5,4,2,4,2,4,12,4,9,,
123,5,45,Whitehall,17,mature,2,5,1,5,4,4,3,4,9,4,6,4,12,4,20,4,22,,
124,5,46,Gen Butler,9,mature,2,5,3,5,2,5,9,5,8,5,4,5,19,5,34,5,22,,
125,5,47,MacArthur,22,mature,2,5,2,5,3,5,4,5,2,5,3,5,3,5,17,5,22,,
126,5,48,Tiri,16,mature,2,5,2,5,3,5,8,5,3,4,9,4,5,3,15,3,16,,
127,5,49,Caesar,10,mature,2,5,3,4,1,4,4,4,2,4,5,4,6,4,14,4,19,,
128,5,50,OCM,16,mature,2,5,3,5,2,4,3,4,5,4,2,4,3,4,18,4,29,,
129,5,51,MacArthur,16,mature,2,5,3,4,1,4,3,4,3,4,8,4,3,4,18,4,25,,
130,5,52,HV,13,mature,2,5,4,5,5,5,13,5,23,5,6,5,44,5,64,5,52,,
131,6,53,Gav,6,mature,2,4,2,4,3,4,12,4,9,4,11,4,17,4,18,2,12,,
132,6,54,KBS,5,mature,2,5,3,5,2,5,13,5,11,4,4,4,21,4,33,4,17,,
133,6,55,KBS,12,mature,2,5,2,5,7,5,6,5,11,5,10,5,9,5,6,5,27,,
134,6,56,MacArthur,21,mature,2,4,1,4,1,3,,2,1,2,0,2,2,2,1,2,0,,
135,6,57,With,48,mature,2,4,2,4,1,4,9,4,2,4,12,4,6,4,11,4,24,,
136,6,58,Tiri,5,mature,2,5,1,5,2,4,8,4,7,4,4,4,6,4,23,4,15,,
137,6,59,Tiri,1,mature,2,5,2,5,3,5,6,5,12,5,13,5,13,5,34,5,25,,
138,6,60,Caesar,9,mature,2,5,1,5,3,5,23,5,7,5,29,5,56,5,24,5,74,,
139,6,61,Hwy 27,8,mature,2,5,2,4,2,3,3,3,2,3,6,3,8,3,5,3,18,,
140,6,62,Caesar,5,mature,2,5,2,5,4,4,9,4,3,4,12,4,27,4,22,4,34,,
141,6,63,TT,10,mature,2,5,2,5,5,4,21,3,5,3,31,3,27,3,18,3,100,,
142,6,64,Tiri,22,mature,2,5,3,5,2,5,9,5,7,5,28,5,45,5,10,5,72,,
143,6,65,McPhee,2,mature,2,5,2,5,12,5,21,5,21,5,68,5,34,4,33,4,88,,
144,6,66,With,47,mature,2,5,4,5,3,5,5,5,4,5,6,4,2,4,11,4,14,,
145,6,67,Center Hill,2,mature,2,5,2,5,8,5,32,5,15,5,36,5,31,5,16,5,80,,
146,6,68,Dalton,2,mature,2,5,2,5,10,5,13,5,6,5,26,5,11,5,23,5,30,,
147,6,69,Center Hill,8,mature,2,5,0,5,5,5,21,5,13,5,40,5,36,5,26,4,44,,
148,6,70,Dalton,6,mature,2,5,2,5,9,5,23,5,11,5,38,5,40,5,37,5,112,,
149,6,71,TT,5,mature,2,5,3,5,4,5,18,4,10,4,24,4,30,4,39,4,11,,
150,6,72,Hwy 27,3,mature,2,5,3,5,5,5,13,4,6,4,9,4,32,4,34,4,13,,
151,6,73,Bella,4,mature,2,5,4,5,4,5,10,5,6,5,18,5,17,5,16,5,35,,
152,6,74,Center Hill,1,mature,2,5,1,5,5,5,19,5,13,5,14,5,22,5,30,5,28,,
153,6,75,Gen Butler,2,mature,2,5,2,5,4,5,20,5,10,5,40,5,37,5,38,5,128,,
154,6,76,Whitehall,2,mature,2,5,2,4,5,4,7,4,8,4,14,4,30,4,10,4,12,,
155,6,77,HV,7,mature,2,3,1,3,3,3,10,3,6,3,11,3,12,3,5,3,58,,
156,6,78,McPhee,1,mature,2,3,3,3,3,3,12,3,12,3,6,3,26,3,40,3,13,,
157,7,1,Whitehall,18,mature,3,3,1,3,2,3,1,3,3,3,10,3,8,3,21,3,25,,
158,7,2,MacArthur,5,mature,3,5,1,5,2,5,1,4,1,3,3,2,4,2,3,2,18,,
159,7,3,Gen Butler,3,mature,3,5,2,5,4,5,2,5,7,5,12,5,23,5,24,5,46,,
160,7,4,Center Hill,7,mature,3,5,2,5,3,5,1,4,5,4,4,4,2,4,7,4,22,,
161,7,5,KBS,9,mature,3,5,4,5,3,5,4,5,12,5,9,5,32,5,31,5,64,,
162,7,6,OCM,10,mature,3,4,0,4,5,4,1,3,2,3,2,3,2,3,3,3,9,,
163,7,7,Dalton,4,mature,3,5,2,5,3,5,2,5,6,5,6,5,11,5,18,5,40,,
164,7,8,KBS,2,mature,3,5,2,5,5,5,2,5,6,5,7,5,16,5,22,5,60,,
165,7,9,Center Hill,3,mature,3,5,1,5,5,5,5,5,8,5,18,5,18,5,25,5,64,,
166,7,10,Dalton,8,mature,3,5,2,5,2,5,2,5,7,4,8,4,13,4,15,4,38,,
167,7,11,McPhee,8,mature,3,5,2,5,6,5,4,5,12,5,17,5,34,5,31,5,84,,
168,7,12,OCM,17,mature,3,5,2,5,2,5,3,5,2,4,2,4,5,4,3,4,20,,
169,7,13,With,43,mature,3,5,2,5,1,5,1,5,4,5,3,4,2,4,9,4,17,,
170,7,14,Bella,2,mature,3,4,0,4,1,4,2,3,1,3,6,3,4,3,11,3,24,,
171,7,15,HV,3,mature,3,5,1,5,3,4,1,3,8,3,8,3,17,3,21,3,64,,
172,7,16,Whitehall,16,mature,3,5,1,5,4,3,3,3,2,3,5,3,4,3,11,3,23,,
173,7,17,Bella,3,mature,3,5,3,5,4,5,2,5,10,5,10,5,6,5,50,5,18,,
174,7,18,HV,10,mature,3,5,2,5,6,5,7,5,5,5,8,5,11,5,15,5,22,,
175,7,19,McPhee,7,mature,3,4,2,4,5,4,3,4,5,4,12,4,14,4,28,4,34,,
176,7,20,MacArthur,15,mature,3,5,1,5,3,5,4,4,1,4,2,4,1,4,7,4,11,,
177,7,21,TT,7,mature,3,5,1,5,3,5,2,5,3,5,6,5,,5,30,4,31,,
178,7,22,KBS,8,mature,3,5,2,5,4,4,3,4,4,4,13,4,14,4,12,4,33,,
179,7,23,OCM,18,mature,3,5,1,5,2,4,2,4,7,4,7,4,7,4,32,4,29,,
180,7,24,Caesar,7,mature,3,5,2,5,5,5,4,5,21,5,20,5,46,5,45,5,33,,
181,7,25,Gav,23,mature,3,4,1,4,2,3,,3,2,3,4,2,0,2,3,2,10,,
182,7,26,Hwy 27,6,mature,3,5,1,5,2,4,1,4,1,4,1,4,1,4,0,4,5,,
183,8,27,HV,5,mature,3,5,3,4,5,4,2,4,7,4,4,4,11,4,28,4,40,,
184,8,28,TT,25,mature,3,5,2,5,6,5,1,5,9,5,9,5,7,5,16,5,40,,
185,8,29,With,46,mature,3,5,2,5,2,5,4,5,1,4,2,4,3,4,3,4,13,,
186,8,30,With,42,mature,3,5,2,5,3,5,4,5,0,5,5,5,5,5,4,5,17,,
187,8,31,Bella,21,mature,3,5,1,4,2,4,3,5,2,3,3,2,2,2,3,2,8,,
188,8,32,Dalton,9,mature,3,5,1,5,2,5,1,5,2,5,1,3,1,2,3,2,5,,
189,8,33,Gav,22,mature,3,5,1,5,1,5,4,5,2,4,5,4,5,4,,4,37,,
190,8,34,Tiri,12,mature,3,5,0,5,2,5,4,5,6,5,4,3,7,3,9,3,24,,
191,8,35,Hwy 27,1,mature,3,5,2,5,4,5,3,5,9,5,11,5,10,5,18,4,23,,
192,8,36,Whitehall,3,mature,3,5,2,5,6,5,2,5,12,5,4,5,10,5,12,5,24,,
193,8,37,Gav,1,mature,3,4,3,4,3,4,3,4,7,4,12,4,9,4,9,4,,,
194,8,38,OCM,5,mature,3,4,3,4,3,4,1,4,5,4,7,4,16,4,27,4,62,,
195,8,39,Bella,13,mature,3,5,2,5,3,5,3,5,21,5,22,5,68,5,69,5,64,,
196,8,40,McPhee,6,mature,3,4,4,4,3,4,4,4,10,4,14,4,44,4,48,4,132,,
197,8,41,TT,9,mature,3,5,0,5,3,4,3,4,2,3,4,3,3,3,9,3,10,,
198,8,42,Gen Butler,7,mature,3,5,2,5,1,5,4,5,2,4,13,4,7,5,20,5,20,,
199,8,43,Gen Butler,1,mature,3,5,6,5,3,5,7,5,15,5,22,5,60,4,52,5,128,,
200,8,44,Hwy 27,2,mature,3,5,1,5,2,5,2,5,5,5,2,4,0,4,6,4,8,,
201,8,45,Whitehall,17,mature,3,5,1,5,4,4,2,4,6,4,8,4,10,4,32,4,20,,
202,8,46,Gen Butler,9,mature,3,4,2,4,3,4,2,4,8,4,14,4,37,4,36,4,56,,
203,8,47,MacArthur,22,mature,3,5,4,5,3,3,2,3,3,3,7,3,5,3,4,3,10,,
204,8,48,Tiri,16,mature,3,4,0,4,2,4,3,3,1,3,6,2,4,2,9,2,11,,
205,8,49,Caesar,10,mature,3,4,4,4,2,4,3,4,5,3,4,3,16,4,22,4,15,,
206,8,50,OCM,16,mature,3,5,3,5,5,5,1,5,3,4,2,3,3,3,8,2,8,,
207,8,51,MacArthur,16,mature,3,5,5,5,2,4,5,4,6,4,5,4,22,4,32,4,6,,
208,8,52,HV,13,mature,3,5,5,5,4,5,5,5,16,5,13,5,39,4,42,4,27,,
209,9,53,Gav,6,mature,3,5,1,5,1,4,0,4,3,4,8,4,2,4,7,4,4,,
210,9,54,KBS,5,mature,3,4,2,4,7,4,4,4,4,4,9,4,3,4,13,4,16,,
211,9,55,KBS,12,mature,3,5,2,4,4,4,4,3,1,3,2,2,5,2,1,2,4,,
212,9,56,MacArthur,21,mature,3,5,0,3,5,3,3,3,2,3,3,3,8,3,2,3,7,,
213,9,57,With,48,mature,3,5,1,3,3,3,0,3,7,3,9,3,3,3,12,3,6,,
214,9,58,Tiri,5,mature,3,5,0,5,1,4,4,4,9,4,13,4,5,4,42,4,12,,
215,9,59,Tiri,1,mature,3,5,0,5,2,5,4,5,8,5,9,5,4,4,22,4,26,,
216,9,60,Caesar,9,mature,3,5,2,4,8,4,3,4,7,4,4,4,11,4,17,4,14,,
217,9,61,Hwy 27,8,mature,3,5,0,4,4,4,2,4,7,4,6,4,5,4,20,4,10,,
218,9,62,Caesar,5,mature,3,5,1,5,2,5,2,5,14,5,7,5,14,5,27,5,22,,
219,9,63,TT,10,mature,3,4,1,4,1,3,1,2,3,2,2,2,3,2,7,2,12,,
220,9,64,Tiri,22,mature,3,5,1,4,2,4,1,4,5,4,9,4,9,4,17,4,17,,
221,9,65,McPhee,2,mature,3,4,1,4,4,4,2,3,4,2,6,2,3,2,7,2,9,,
222,9,66,With,47,mature,3,5,1,5,1,3,0,2,0,2,0,1,0,1,0,1,0,,
223,9,67,Center Hill,2,mature,3,5,2,4,4,4,3,4,3,4,7,4,6,4,8,4,16,,
224,9,68,Dalton,2,mature,3,4,1,4,3,4,2,4,4,4,5,3,4,3,19,3,17,,
225,9,69,Center Hill,8,mature,3,5,1,5,4,5,4,5,11,5,9,5,3,5,22,5,17,,
226,9,70,Dalton,6,mature,3,5,0,5,4,5,1,4,5,3,6,3,7,3,15,3,18,,
227,9,71,TT,5,mature,3,4,0,4,2,4,1,4,6,4,7,4,5,4,14,4,5,,
228,9,72,Hwy 27,3,mature,3,3,1,3,1,3,3,3,2,3,4,3,6,3,7,3,20,,
229,9,73,Bella,4,mature,3,5,1,5,3,5,3,5,4,5,7,5,6,5,22,5,17,,
230,9,74,Center Hill,1,mature,3,3,1,3,4,2,2,1,4,1,6,1,0,1,5,1,7,,
231,9,75,Gen Butler,2,mature,3,5,0,5,3,4,1,4,5,4,7,4,5,4,20,4,18,,
232,9,76,Whitehall,2,mature,3,5,0,5,3,5,4,4,8,4,11,4,4,3,2,4,15,,
233,9,77,HV,7,mature,3,4,1,3,2,3,2,3,4,3,9,3,8,3,5,3,10,,
234,9,78,McPhee,1,mature,3,5,1,4,3,4,2,4,4,4,9,3,9,3,2,3,9,,
235,10,1,Whitehall,18,mature,4,5,1,5,3,5,3,5,3,4,7,4,8,4,12,3,11,,
236,10,2,MacArthur,5,mature,4,5,2,5,2,5,2,4,3,4,5,4,9,4,3,4,24,,
237,10,3,Gen Butler,3,mature,4,5,3,5,5,5,7,5,15,5,18,5,24,5,35,5,26,,
238,10,4,Center Hill,7,mature,4,5,1,5,4,5,0,4,12,4,10,4,6,4,21,4,12,,
239,10,5,KBS,9,mature,4,5,2,5,3,5,1,5,12,5,12,5,14,5,22,5,36,,
240,10,6,OCM,10,mature,4,5,3,5,5,5,3,5,4,5,7,5,15,5,18,5,32,,
241,10,7,Dalton,4,mature,4,5,2,5,4,5,3,4,13,4,18,4,22,3,14,3,36,,
242,10,8,KBS,2,mature,4,4,1,4,3,4,3,4,8,4,15,4,16,4,20,3,80,,
243,10,9,Center Hill,3,mature,4,5,2,5,4,5,5,5,13,5,32,5,28,5,31,5,78,,
244,10,10,Dalton,8,mature,4,4,1,4,4,4,4,2,2,2,7,2,14,2,19,2,11,,
245,10,11,McPhee,8,mature,4,5,3,5,7,5,6,5,15,5,32,5,29,5,15,5,128,,
246,10,12,OCM,17,mature,4,5,1,5,5,5,3,4,11,4,15,4,16,4,13,4,36,,
247,10,13,With,43,mature,4,5,2,5,2,5,3,5,16,5,10,5,10,5,13,5,16,,
248,10,14,Bella,2,mature,4,5,1,2,3,2,2,2,5,2,11,2,12,2,3,2,43,,
249,10,15,HV,3,mature,4,5,2,5,2,5,7,5,8,5,40,5,36,5,48,5,80,,
250,10,16,Whitehall,16,mature,4,4,2,4,3,4,3,4,7,3,7,3,13,2,0,2,18,,
251,10,17,Bella,3,mature,4,5,0,5,2,5,6,5,5,5,15,5,17,5,24,5,36,,
252,10,18,HV,10,mature,4,5,3,5,2,5,10,5,10,5,15,5,19,5,8,5,32,,
253,10,19,McPhee,7,mature,4,5,2,5,3,5,10,5,15,5,45,5,30,4,45,4,136,,
254,10,20,MacArthur,15,mature,4,5,1,5,2,5,3,5,4,4,1,4,3,3,3,3,7,,
255,10,21,TT,7,mature,4,5,2,5,3,5,17,5,9,5,7,5,15,5,16,5,15,,
256,10,22,KBS,8,mature,4,5,1,5,3,4,8,4,8,4,18,4,16,4,13,4,12,,
257,10,23,OCM,18,mature,4,5,2,5,3,5,8,5,18,5,16,5,21,4,24,4,44,,
258,10,24,Caesar,7,mature,4,5,2,5,4,5,7,5,19,5,40,5,44,5,23,5,180,,
259,10,25,Gav,23,mature,4,5,2,5,1,4,3,4,3,4,10,4,7,4,2,4,6,,
260,10,26,Hwy 27,6,mature,4,5,2,5,3,4,4,4,6,4,7,4,23,4,26,4,22,,
287,12,53,Gav,6,mature,4,5,4,5,4,5,7,5,16,5,3,5,20,5,24,5,13,,
288,12,54,KBS,5,mature,4,5,6,5,3,5,9,5,11,5,3,5,4,5,30,5,31,,
289,12,55,KBS,12,mature,4,4,4,5,2,5,7,5,6,5,8,5,11,4,22,4,21,,
290,12,56,MacArthur,21,mature,4,4,0,4,3,4,2,4,0,4,6,4,9,4,1,4,6,,
291,12,57,With,48,mature,4,5,0,5,2,5,1,4,4,4,9,4,2,4,14,4,15,,
292,12,58,Tiri,5,mature,4,5,3,5,3,5,19,5,3,5,27,5,32,5,14,5,29,,
293,12,59,Tiri,1,mature,4,5,3,5,5,5,15,5,6,5,21,5,31,5,27,5,43,,
294,12,60,Caesar,9,mature,4,5,5,5,4,5,11,5,12,5,9,5,33,5,21,5,20,,
295,12,61,Hwy 27,8,mature,4,5,5,5,1,5,12,5,8,5,6,5,17,5,20,5,14,,
296,12,62,Caesar,5,mature,4,5,4,5,14,5,17,5,12,5,31,5,43,5,35,5,30,,
297,12,63,TT,10,mature,4,5,5,4,13,4,25,4,19,4,50,4,30,4,60,4,124,,
298,12,64,Tiri,22,mature,4,5,4,5,6,5,31,5,15,5,60,5,64,5,72,5,128,,
299,12,65,McPhee,2,mature,4,5,4,5,5,5,6,5,14,5,12,5,9,5,30,5,21,,
300,12,66,With,47,mature,4,5,3,4,1,3,2,3,4,3,5,3,8,3,13,3,8,,
301,12,67,Center Hill,2,mature,4,5,4,5,3,5,10,4,11,4,5,4,10,4,15,4,13,,
302,12,68,Dalton,2,mature,4,4,2,4,3,4,2,4,9,4,11,4,25,4,30,4,22,,
303,12,69,Center Hill,8,mature,4,5,4,5,1,5,7,4,10,3,7,3,11,3,8,3,11,,
304,12,70,Dalton,6,mature,4,5,7,5,8,5,18,5,9,5,26,5,60,5,16,5,18,,
305,12,71,TT,5,mature,4,5,4,5,3,5,9,5,10,4,15,4,21,4,31,4,12,,
306,12,72,Hwy 27,3,mature,4,4,2,4,2,4,9,4,6,3,13,3,24,3,36,3,22,,
307,12,73,Bella,4,mature,4,5,2,5,1,5,12,5,6,5,7,5,7,5,22,5,9,,
308,12,74,Center Hill,1,mature,4,3,1,3,2,3,4,3,7,3,6,3,1,3,9,3,13,,
309,12,75,Gen Butler,2,mature,4,5,3,5,4,5,6,5,15,5,4,5,15,5,44,5,31,,
310,12,76,Whitehall,2,mature,4,5,2,5,2,5,2,5,2,4,3,4,8,4,5,4,6,,
311,12,77,HV,7,mature,4,5,2,5,2,5,10,5,15,5,12,5,43,5,54,5,19,,
312,12,78,McPhee,1,mature,4,5,9,5,2,5,16,5,15,4,10,4,18,4,32,4,17,,
339,14,27,HV,5,mature,5,5,2,5,4,4,1,4,2,4,8,4,4,4,17,4,52,,
340,14,28,TT,25,mature,5,5,3,5,1,5,1,5,5,5,1,5,4,5,5,5,28,,
341,14,29,With,46,mature,5,5,3,4,1,4,2,4,2,3,3,3,2,3,4,3,4,,
342,14,30,With,42,mature,5,5,1,4,1,4,2,3,2,3,1,3,2,3,3,3,8,,
343,14,31,Bella,21,mature,5,5,2,4,2,4,4,4,2,4,5,4,4,4,4,4,,,
344,14,32,Dalton,9,mature,5,5,1,5,2,4,5,4,4,4,3,4,1,4,5,4,2,,
345,14,33,Gav,22,mature,5,5,2,4,3,4,1,4,0,4,1,4,4,4,4,4,6,,
346,14,34,Tiri,12,mature,5,5,2,5,2,4,4,4,2,4,2,4,5,4,12,4,23,,
347,14,35,Hwy 27,1,mature,5,5,0,5,2,5,4,5,2,5,3,4,5,4,3,4,10,,
348,14,36,Whitehall,3,mature,5,5,0,5,2,4,2,4,2,4,3,4,6,4,7,4,8,,
349,14,37,Gav,1,mature,5,5,2,5,3,4,6,4,9,4,5,4,5,4,12,4,32,,
350,14,38,OCM,5,mature,5,5,3,5,3,5,2,5,9,5,4,5,4,5,21,5,39,,
351,14,39,Bella,13,mature,5,5,1,5,2,5,2,4,2,4,5,4,10,4,17,4,17,,
352,14,40,McPhee,6,mature,5,5,2,4,8,4,2,4,9,4,3,4,11,4,17,4,18,,
353,14,41,TT,9,mature,5,5,3,5,2,5,2,5,6,5,5,5,6,5,14,5,17,,
354,14,42,Gen Butler,7,mature,5,5,2,4,2,4,4,4,1,4,2,4,1,4,7,4,1,,
355,14,43,Gen Butler,1,mature,5,5,3,5,4,5,2,5,16,4,6,4,11,4,25,4,40,,
356,14,44,Hwy 27,2,mature,5,5,2,5,3,5,3,5,11,5,5,5,5,5,11,5,19,,
357,14,45,Whitehall,17,mature,5,4,2,4,3,4,2,4,11,4,9,4,4,4,32,4,34,,
358,14,46,Gen Butler,9,mature,5,5,3,5,6,5,3,5,6,5,7,5,10,5,21,5,29,,
359,14,47,MacArthur,22,mature,5,5,2,5,4,5,3,5,2,5,5,5,2,5,3,5,10,,
360,14,48,Tiri,16,mature,5,5,2,5,4,5,2,5,5,5,1,5,4,5,13,5,13,,
361,14,49,Caesar,10,mature,5,4,4,4,5,4,4,4,20,4,4,4,11,4,29,4,15,,
362,14,50,OCM,16,mature,5,5,2,4,3,4,4,4,6,4,2,4,4,4,10,4,,,
363,14,51,MacArthur,16,mature,5,5,3,5,1,5,3,5,3,5,5,5,2,5,11,5,8,,
364,14,52,HV,13,mature,5,5,2,5,5,5,9,5,22,5,6,5,27,5,47,5,52,,
391,16,1,Whitehall,18,young,1,3,1,,,2,2,,,2,4,,,1,4,,,1,10
392,16,2,MacArthur,5,young,1,3,0,,,3,0,,,2,1,,,1,0,,,1,0
393,16,3,Gen Butler,3,young,1,3,1,,,3,1,,,3,3,,,3,9,,,3,10
394,16,4,Center Hill,7,young,1,2,1,,,2,2,,,2,4,,,2,4,,,2,6
395,16,5,KBS,9,young,1,3,1,,,2,1,,,2,3,,,2,5,,,2,3
396,16,6,OCM,10,young,1,3,1,,,3,0,,,3,1,,,3,4,,,3,3
397,16,7,Dalton,4,young,1,3,1,,,3,1,,,3,4,,,3,9,,,3,16
398,16,8,KBS,2,young,1,3,1,,,3,1,,,3,2,,,2,7,,,2,4
399,16,9,Center Hill,3,young,1,3,0,,,3,1,,,3,1,,,3,6,,,3,12
400,16,10,Dalton,8,young,1,3,1,,,3,1,,,3,6,,,3,8,,,3,10
401,16,11,McPhee,8,young,1,3,1,,,2,1,,,2,2,,,2,6,,,2,38
402,16,12,OCM,17,young,1,3,1,,,3,1,,,3,2,,,3,9,,,3,44
403,16,13,With,43,young,1,2,0,,,2,1,,,2,1,,,2,2,,,2,5
404,16,14,Bella,2,young,1,3,0,,,0,0,,,0,0,,,0,0,,,0,0
405,16,15,HV,3,young,1,3,0,,,3,0,,,3,2,,,2,4,,,2,4
406,16,16,Whitehall,16,young,1,3,1,,,3,1,,,3,5,,,3,8,,,3,9
407,16,17,Bella,3,young,1,3,1,,,3,1,,,2,0,,,0,0,,,0,0
408,16,18,HV,10,young,1,3,0,,,3,1,,,3,2,,,2,2,,,2,32
409,16,19,McPhee,7,young,1,3,0,,,3,0,,,3,3,,,3,4,,,3,5
410,16,20,MacArthur,15,young,1,3,0,,,2,0,,,1,0,,,1,1,,,1,0
411,16,21,TT,7,young,1,3,1,,,3,1,,,3,2,,,2,4,,,2,13
412,16,22,KBS,8,young,1,3,1,,,3,2,,,3,6,,,3,14,,,3,40
413,16,23,OCM,18,young,1,3,1,,,3,2,,,3,3,,,3,7,,,3,28
414,16,24,Caesar,7,young,1,3,1,,,3,2,,,3,6,,,3,8,,,2,20
415,16,25,Gav,23,young,1,2,0,,,1,0,,,0,0,,,0,0,,,0,0
416,17,26,Hwy 27,6,young,1,3,0,,,3,0,,,3,1,,,2,2,,,2,1
417,17,27,HV,5,young,1,3,1,,,3,4,,,3,4,,,2,1,,,2,4
418,17,28,TT,25,young,1,3,1,,,3,5,,,2,1,,,1,0,,,1,1
419,17,29,With,46,young,1,3,0,,,3,1,,,3,2,,,3,0,,,3,1
420,17,30,With,42,young,1,2,0,,,2,1,,,2,1,,,1,0,,,1,1
421,17,31,Bella,21,young,1,3,0,,,3,3,,,3,1,,,1,0,,,0,0
422,17,32,Dalton,9,young,1,3,1,,,3,3,,,2,3,,,2,5,,,2,6
423,17,33,Gav,22,young,1,3,0,,,3,2,,,3,1,,,0,0,,,0,0
424,17,34,Tiri,12,young,1,2,0,,,2,2,,,2,1,,,0,0,,,0,0
425,17,35,Hwy 27,1,young,1,3,0,,,1,1,,,1,0,,,1,0,,,0,0
426,17,36,Whitehall,3,young,1,3,0,,,1,1,,,0,0,,,0,0,,,0,0
427,17,37,Gav,1,young,1,3,0,,,2,0,,,0,0,,,0,0,,,0,0
428,17,38,OCM,5,young,1,3,1,,,3,3,,,3,3,,,3,16,,,3,19
429,17,39,Bella,13,young,1,3,0,,,0,0,,,0,0,,,0,0,,,0,0
430,17,40,McPhee,6,young,1,3,1,,,3,4,,,3,5,,,3,6,,,3,12
431,17,41,TT,9,young,1,3,1,,,3,3,,,2,5,,,2,11,,,2,24
432,17,42,Gen Butler,7,young,1,3,1,,,3,5,,,2,6,,,2,9,,,2,18
433,17,43,Gen Butler,1,young,1,3,1,,,2,4,,,2,4,,,2,10,,,2,36
434,17,44,Hwy 27,2,young,1,3,1,,,3,2,,,3,1,,,2,0,,,2,1
435,17,45,Whitehall,17,young,1,3,1,,,3,6,,,3,6,,,3,24,,,3,65
436,17,46,Gen Butler,9,young,1,3,1,,,3,4,,,3,0,,,2,4,,,2,6
437,17,47,MacArthur,22,young,1,3,0,,,0,0,,,0,0,,,0,0,,,0,0
438,17,48,Tiri,16,young,1,3,0,,,1,1,,,1,0,,,1,0,,,0,0
439,17,49,Caesar,10,young,1,3,1,,,3,4,,,3,5,,,3,35,,,3,74
440,17,50,OCM,16,young,1,3,1,,,3,3,,,3,5,,,3,24,,,3,23
441,18,51,MacArthur,16,young,1,3,0,,,3,2,,,3,2,,,3,1,,,3,3
442,18,52,HV,13,young,1,3,2,,,3,6,,,3,9,,,3,32,,,3,73
443,18,54,KBS,5,young,1,3,0,,,3,2,,,3,3,,,3,1,,,3,4
444,18,55,KBS,12,young,1,3,0,,,2,2,,,2,3,,,1,2,,,1,5
445,18,56,MacArthur,21,young,1,3,0,,,3,0,,,3,0,,,2,0,,,0,0
446,18,57,With,48,young,1,3,0,,,3,0,,,3,1,,,2,2,,,2,2
447,18,58,Tiri,5,young,1,3,0,,,2,0,,,1,0,,,1,0,,,0,0
448,18,60,Caesar,9,young,1,3,1,,,3,2,,,3,6,,,2,5,,,2,19
449,18,61,Hwy 27,8,young,1,3,0,,,1,0,,,0,0,,,0,0,,,0,0
450,18,62,Caesar,5,young,1,3,1,,,3,8,,,3,13,,,3,39,,,3,47
451,18,63,TT,10,young,1,3,0,,,3,4,,,3,8,,,3,4,,,3,16
452,18,64,Tiri,22,young,1,3,0,,,2,0,,,1,0,,,1,0,,,1,0
453,18,65,McPhee,2,young,1,3,0,,,3,7,,,3,6,,,3,19,,,3,57
454,18,66,With,47,young,1,3,0,,,3,0,,,1,0,,,1,0,,,1,0
455,18,67,Center Hill,2,young,1,3,1,,,3,6,,,3,3,,,3,5,,,3,4
456,18,68,Dalton,2,young,1,2,0,,,2,3,,,2,4,,,2,6,,,2,29
457,18,69,Center Hill,8,young,1,3,1,,,3,9,,,3,10,,,3,16,,,3,52
458,18,70,Dalton,6,young,1,3,1,,,3,4,,,3,5,,,3,4,,,3,18
459,18,71,TT,5,young,1,2,0,,,2,2,,,2,4,,,2,3,,,2,25
460,18,72,Hwy 27,3,young,1,3,0,,,3,0,,,3,4,,,2,1,,,2,0
461,18,74,Center Hill,1,young,1,2,0,,,2,2,,,2,5,,,2,6,,,2,15
462,18,75,Gen Butler,2,young,1,3,0,,,3,7,,,3,16,,,3,20,,,3,52
463,18,76,Whitehall,2,young,1,3,1,,,3,4,,,3,18,,,3,24,,,3,22
464,18,77,HV,7,young,1,3,0,,,3,4,,,3,10,,,3,12,,,3,50
465,18,78,McPhee,1,young,1,2,0,,,2,1,,,2,2,,,1,2,,,1,2
466,19,1,Whitehall,18,young,2,2,0,,,2,2,,,2,2,,,1,0,,,1,3
467,19,2,MacArthur,5,young,2,3,0,,,3,1,,,3,1,,,2,1,,,2,0
468,19,3,Gen Butler,3,young,2,2,0,,,2,1,,,1,0,,,1,0,,,0,0
469,19,4,Center Hill,7,young,2,3,1,,,2,1,,,2,2,,,2,1,,,2,8
470,19,5,KBS,9,young,2,3,1,,,3,2,,,2,2,,,2,2,,,2,9
471,19,6,OCM,10,young,2,3,0,,,0,0,,,0,0,,,0,0,,,0,0
472,19,7,Dalton,4,young,2,3,0,,,3,1,,,3,1,,,2,3,,,2,8
473,19,8,KBS,2,young,2,2,1,,,3,2,,,2,2,,,2,6,,,2,44
474,19,9,Center Hill,3,young,2,2,0,,,1,1,,,1,1,,,1,1,,,1,13
475,19,10,Dalton,8,young,2,3,1,,,2,2,,,1,1,,,1,2,,,1,5
476,19,11,McPhee,8,young,2,3,1,,,2,3,,,2,1,,,2,4,,,2,15
477,19,12,OCM,17,young,2,3,1,,,2,2,,,2,1,,,2,5,,,2,12
478,19,13,With,43,young,2,3,1,,,3,1,,,2,1,,,1,1,,,1,0
479,19,14,Bella,2,young,2,2,0,,,2,1,,,1,0,,,0,0,,,0,0
480,19,15,HV,3,young,2,3,1,,,3,3,,,2,1,,,2,2,,,2,7
481,19,16,Whitehall,16,young,2,2,0,,,2,1,,,2,1,,,1,0,,,1,0
482,19,17,Bella,3,young,2,3,1,,,3,1,,,0,0,,,0,0,,,0,0
483,19,18,HV,10,young,2,3,1,,,3,4,,,3,3,,,3,4,,,3,18
484,19,19,McPhee,7,young,2,3,1,,,3,3,,,3,2,,,3,4,,,3,17
485,19,20,MacArthur,15,young,2,3,1,,,2,1,,,2,1,,,2,2,,,2,2
486,19,21,TT,7,young,2,3,1,,,2,2,,,2,2,,,2,4,,,2,12
487,19,22,KBS,8,young,2,3,2,,,3,4,,,3,3,,,3,6,,,3,34
488,19,23,OCM,18,young,2,3,0,,,1,1,,,1,1,,,1,1,,,1,3
489,19,24,Caesar,7,young,2,3,1,,,3,3,,,3,2,,,3,4,,,2,19
490,19,25,Gav,23,young,2,3,0,,,3,1,,,0,0,,,0,0,,,0,0
491,20,26,Hwy 27,6,young,2,2,0,,,2,1,,,2,1,,,2,0,,,1,0
492,20,27,HV,5,young,2,3,0,,,3,2,,,3,3,,,2,1,,,2,4
493,20,28,TT,25,young,2,3,0,,,3,3,,,3,2,,,2,1,,,2,3
494,20,29,With,46,young,2,3,0,,,2,0,,,1,0,,,1,1,,,1,1
495,20,30,With,42,young,2,3,0,,,3,0,,,3,1,,,1,0,,,1,0
496,20,31,Bella,21,young,2,3,0,,,3,2,,,3,1,,,3,1,,,0,0
497,20,32,Dalton,9,young,2,3,1,,,3,3,,,3,4,,,3,18,,,3,16
498,20,33,Gav,22,young,2,3,0,,,1,1,,,0,0,,,0,0,,,0,0
499,20,34,Tiri,12,young,2,2,0,,,1,1,,,1,0,,,0,0,,,0,0
500,20,35,Hwy 27,1,young,2,3,0,,,2,0,,,2,1,,,2,0,,,1,1
501,20,36,Whitehall,3,young,2,3,0,,,3,2,,,3,1,,,3,6,,,3,3
502,20,37,Gav,1,young,2,3,0,,,2,1,,,2,1,,,1,0,,,1,1
503,20,38,OCM,5,young,2,3,0,,,3,4,,,3,3,,,3,9,,,3,6
504,20,39,Bella,13,young,2,3,0,,,3,1,,,1,1,,,1,0,,,1,0
505,20,40,McPhee,6,young,2,3,1,,,3,2,,,3,3,,,3,19,,,3,9
506,20,41,TT,9,young,2,3,0,,,3,2,,,3,2,,,3,15,,,3,30
507,20,42,Gen Butler,7,young,2,3,0,,,3,2,,,2,1,,,0,0,,,0,0
508,20,43,Gen Butler,1,young,2,3,0,,,3,3,,,3,1,,,2,7,,,2,5
509,20,44,Hwy 27,2,young,2,3,0,,,3,1,,,2,1,,,2,0,,,2,0
510,20,45,Whitehall,17,young,2,3,1,,,2,3,,,2,2,,,2,9,,,2,8
511,20,46,Gen Butler,9,young,2,2,0,,,2,1,,,1,0,,,1,1,,,1,1
512,20,47,MacArthur,22,young,2,3,0,,,1,1,,,1,1,,,1,0,,,1,0
513,20,48,Tiri,16,young,2,2,0,,,2,1,,,1,0,,,0,0,,,0,0
514,20,49,Caesar,10,young,2,3,0,,,3,3,,,3,4,,,3,12,,,3,20
515,20,50,OCM,16,young,2,3,1,,,3,2,,,3,1,,,3,0,,,3,1
516,21,51,MacArthur,16,young,2,3,0,,,1,1,,,1,1,,,1,1,,,1,2
517,21,52,HV,13,young,2,3,0,,,3,5,,,2,4,,,2,11,,,2,27
518,21,54,KBS,5,young,2,3,0,,,2,2,,,2,4,,,2,4,,,2,5
519,21,55,KBS,12,young,2,3,1,,,3,3,,,3,9,,,3,11,,,3,14
520,21,56,MacArthur,21,young,2,2,0,,,0,0,,,0,0,,,0,0,,,0,0
521,21,57,With,48,young,2,3,0,,,3,1,,,3,0,,,1,1,,,1,1
522,21,58,Tiri,5,young,2,3,0,,,1,0,,,1,0,,,1,0,,,0,0
523,21,60,Caesar,9,young,2,3,0,,,3,2,,,3,7,,,3,11,,,3,20
524,21,61,Hwy 27,8,young,2,3,0,,,3,1,,,2,1,,,2,0,,,1,0
525,21,62,Caesar,5,young,2,3,1,,,3,3,,,3,8,,,3,8,,,3,15
526,21,63,TT,10,young,2,3,0,,,3,1,,,3,7,,,3,5,,,3,6
527,21,64,Tiri,22,young,2,3,0,,,3,0,,,1,1,,,1,2,,,1,2
528,21,65,McPhee,2,young,2,3,1,,,3,4,,,3,11,,,3,14,,,3,17
529,21,66,With,47,young,2,3,0,,,3,0,,,3,0,,,1,0,,,0,0
530,21,67,Center Hill,2,young,2,3,0,,,3,2,,,3,5,,,3,12,,,3,6
531,21,68,Dalton,2,young,2,3,1,,,3,4,,,3,17,,,3,16,,,3,23
532,21,69,Center Hill,8,young,2,3,1,,,2,0,,,2,2,,,2,5,,,2,6
533,21,70,Dalton,6,young,2,3,0,,,3,4,,,3,13,,,3,13,,,3,15
534,21,71,TT,5,young,2,3,1,,,3,1,,,3,3,,,3,7,,,3,6
535,21,72,Hwy 27,3,young,2,3,0,,,3,0,,,2,0,,,0,0,,,0,0
536,21,74,Center Hill,1,young,2,3,0,,,3,2,,,3,8,,,3,15,,,3,9
537,21,75,Gen Butler,2,young,2,3,0,,,3,2,,,3,7,,,3,15,,,3,18
538,21,76,Whitehall,2,young,2,3,0,,,3,1,,,3,3,,,3,12,,,3,6
539,21,77,HV,7,young,2,3,1,,,3,3,,,3,19,,,3,8,,,3,21
540,21,78,McPhee,1,young,2,3,1,,,3,2,,,3,2,,,3,1,,,1,1
541,22,1,Whitehall,18,young,3,3,1,,,3,3,,,2,4,,,2,1,,,2,6
542,22,2,MacArthur,5,young,3,3,0,,,3,1,,,3,0,,,3,0,,,2,1
543,22,3,Gen Butler,3,young,3,3,1,,,3,2,,,3,1,,,3,1,,,2,2
544,22,4,Center Hill,7,young,3,3,1,,,3,3,,,3,6,,,3,1,,,3,7
545,22,5,KBS,9,young,3,3,1,,,3,2,,,3,2,,,3,1,,,2,3
546,22,6,OCM,10,young,3,3,1,,,3,2,,,2,1,,,2,1,,,2,2
547,22,7,Dalton,4,young,3,3,1,,,3,2,,,2,2,,,2,2,,,1,5
548,22,8,KBS,2,young,3,3,1,,,3,2,,,3,5,,,3,5,,,3,10
549,22,9,Center Hill,3,young,3,3,0,,,3,3,,,3,3,,,3,2,,,3,11
550,22,10,Dalton,8,young,3,3,1,,,3,1,,,1,0,,,1,0,,,1,2
551,22,11,McPhee,8,young,3,3,0,,,3,2,,,3,5,,,3,4,,,3,8
552,22,12,OCM,17,young,3,3,1,,,3,2,,,3,3,,,3,1,,,3,4
553,22,13,With,43,young,3,3,0,,,3,2,,,2,0,,,0,0,,,0,0
554,22,14,Bella,2,young,3,3,0,,,3,1,,,2,2,,,1,0,,,0,1
555,22,15,HV,3,young,3,3,1,,,3,3,,,2,3,,,3,4,,,0,0
556,22,16,Whitehall,16,young,3,2,0,,,2,1,,,2,0,,,1,0,,,1,0
557,22,17,Bella,3,young,3,3,0,,,3,1,,,2,,,,2,1,,,1,0
558,22,18,HV,10,young,3,3,1,,,2,1,,,1,1,,,1,2,,,1,6
559,22,19,McPhee,7,young,3,3,1,,,3,2,,,3,1,,,2,1,,,1,4
560,22,20,MacArthur,15,young,3,3,0,,,3,1,,,2,0,,,2,1,,,2,0
561,22,21,TT,7,young,3,3,0,,,3,2,,,3,6,,,2,4,,,2,8
562,22,22,KBS,8,young,3,3,1,,,2,3,,,2,3,,,2,3,,,2,7
563,22,23,OCM,18,young,3,3,0,,,3,4,,,2,2,,,2,4,,,2,9
564,22,24,Caesar,7,young,3,3,0,,,3,4,,,3,3,,,3,4,,,3,19
565,22,25,Gav,23,young,3,3,0,,,1,0,,,0,0,,,0,0,,,0,0
566,23,26,Hwy 27,6,young,3,2,0,,,2,1,,,2,1,,,2,0,,,1,2
567,23,27,HV,5,young,3,3,0,,,2,1,,,2,5,,,2,7,,,2,23
568,23,28,TT,25,young,3,3,1,,,3,5,,,3,3,,,3,14,,,3,17
569,23,29,With,46,young,3,3,0,,,2,0,,,0,0,,,0,0,,,0,0
570,23,30,With,42,young,3,3,0,,,3,1,,,3,0,,,2,1,,,2,0
571,23,31,Bella,21,young,3,3,0,,,3,3,,,2,0,,,0,0,,,0,0
572,23,32,Dalton,9,young,3,2,1,,,2,0,,,0,0,,,0,0,,,0,0
573,23,33,Gav,22,young,3,3,0,,,0,0,,,0,0,,,0,0,,,0,0
574,23,34,Tiri,12,young,3,3,0,,,3,2,,,3,1,,,3,13,,,2,0
575,23,35,Hwy 27,1,young,3,3,0,,,3,0,,,3,0,,,3,2,,,3,0
576,23,36,Whitehall,3,young,3,2,0,,,2,1,,,1,3,,,1,7,,,1,17
577,23,37,Gav,1,young,3,3,0,,,2,0,,,2,1,,,2,0,,,2,0
578,23,38,OCM,5,young,3,3,1,,,3,9,,,3,3,,,3,12,,,3,25
579,23,39,Bella,13,young,3,2,0,,,1,0,,,0,0,,,0,0,,,0,0
580,23,40,McPhee,6,young,3,3,1,,,3,4,,,3,4,,,3,9,,,3,41
581,23,41,TT,9,young,3,3,0,,,3,3,,,3,2,,,3,9,,,3,19
582,23,42,Gen Butler,7,young,3,3,1,,,3,3,,,2,3,,,2,9,,,2,17
583,23,43,Gen Butler,1,young,3,3,0,,,1,2,,,1,2,,,1,,,,1,24
584,23,44,Hwy 27,2,young,3,2,0,,,2,0,,,1,0,,,0,0,,,0,0
585,23,45,Whitehall,17,young,3,3,0,,,2,0,,,1,0,,,1,3,,,1,4
586,23,46,Gen Butler,9,young,3,3,0,,,3,2,,,3,0,,,3,13,,,3,13
587,23,47,MacArthur,22,young,3,3,0,,,3,1,,,3,0,,,3,0,,,3,0
588,23,48,Tiri,16,young,3,3,0,,,2,2,,,2,0,,,1,0,,,0,0
589,23,49,Caesar,10,young,3,3,0,,,1,1,,,0,0,,,0,0,,,0,0
590,23,50,OCM,16,young,3,3,0,,,3,5,,,1,1,,,1,1,,,0,0
591,24,51,MacArthur,16,young,3,2,0,,,1,1,,,1,0,,,1,0,,,1,0
592,24,52,HV,13,young,3,3,0,,,3,7,,,3,8,,,3,26,,,3,42
593,24,54,KBS,5,young,3,3,0,,,2,2,,,2,5,,,2,6,,,2,24
594,24,55,KBS,12,young,3,1,0,,,0,0,,,0,0,,,0,0,,,0,0
595,24,56,MacArthur,21,young,3,3,0,,,0,0,,,0,0,,,0,0,,,0,0
596,24,57,With,48,young,3,3,0,,,3,1,,,3,1,,,3,1,,,3,2
597,24,58,Tiri,5,young,3,1,0,,,0,0,,,0,0,,,0,0,,,0,0
598,24,60,Caesar,9,young,3,3,1,,,1,2,,,1,8,,,1,6,,,1,19
599,24,61,Hwy 27,8,young,3,3,0,,,0,0,,,0,0,,,0,0,,,0,0
600,24,62,Caesar,5,young,3,3,0,,,3,5,,,3,15,,,3,24,,,3,40
601,24,63,TT,10,young,3,3,0,,,3,3,,,3,12,,,3,11,,,3,33
602,24,64,Tiri,22,young,3,3,0,,,3,1,,,2,1,,,0,0,,,0,0
603,24,65,McPhee,2,young,3,3,1,,,0,0,,,0,0,,,0,0,,,0,0
604,24,66,With,47,young,3,3,0,,,3,0,,,2,0,,,1,1,,,1,1
605,24,67,Center Hill,2,young,3,3,1,,,3,3,,,3,13,,,3,9,,,3,27
606,24,68,Dalton,2,young,3,3,1,,,3,5,,,3,9,,,3,3,,,3,22
607,24,69,Center Hill,8,young,3,3,1,,,3,5,,,2,7,,,2,7,,,2,13
608,24,70,Dalton,6,young,3,3,1,,,3,8,,,3,20,,,3,16,,,3,14
609,24,71,TT,5,young,3,3,0,,,3,3,,,3,7,,,2,6,,,3,28
610,24,72,Hwy 27,3,young,3,3,0,,,2,1,,,1,0,,,1,0,,,1,0
611,24,74,Center Hill,1,young,3,3,0,,,3,4,,,3,13,,,3,12,,,3,26
612,24,75,Gen Butler,2,young,3,3,0,,,2,1,,,2,4,,,2,4,,,2,6
613,24,76,Whitehall,2,young,3,3,0,,,3,4,,,3,8,,,3,4,,,3,7
614,24,77,HV,7,young,3,3,0,,,3,3,,,1,0,,,1,1,,,1,4
615,24,78,McPhee,1,young,3,3,1,,,3,5,,,3,10,,,3,8,,,3,20
616,1,79,control,0,mature,1,5,,5,,5,,4,,3,,2,,1,,0,,,
617,2,79,control,0,mature,2,3,,3,,3,,1,,1,,1,,1,,0,,,
618,3,79,control,0,mature,3,5,,2,,2,,1,,0,,0,,0,,0,,,
619,4,79,control,0,mature,4,5,,4,,4,,4,,3,,3,,3,,3,,,
620,5,79,control,0,mature,5,4,,4,,4,,4,,4,,4,,4,,5,,,
621,6,79,control,0,mature,6,3,,3,,3,,3,,3,,3,,3,,3,,,
622,7,79,control,0,mature,7,5,,5,,5,,1,,1,,1,,1,,1,,,
623,8,79,control,0,mature,8,5,,5,,5,,5,,5,,5,,4,,4,,,
624,9,79,control,0,mature,9,4,,4,,4,,3,,3,,3,,2,,2,,,
625,10,79,control,0,mature,10,5,,5,,5,,5,,5,,5,,5,,5,,,
626,11,79,control,0,mature,11,5,,5,,5,,4,,4,,4,,4,,4,,,
627,12,79,control,0,mature,12,5,,5,,5,,5,,5,,5,,5,,5,,,
628,13,79,control,0,mature,13,5,,4,,4,,4,,4,,4,,4,,4,,,
629,14,79,control,0,mature,14,5,,5,,5,,5,,4,,2,,2,,2,,,
630,15,79,control,0,mature,15,5,,5,,5,,4,,4,,4,,4,,4,,,
631,16,79,control,0,young,1,2,,2,,2,,2,,2,,2,,1,,1,,1,
632,17,79,control,0,young,2,3,,3,,3,,3,,3,,3,,3,,3,,3,
633,18,79,control,0,young,3,3,,3,,3,,2,,2,,2,,2,,2,,2,
634,19,79,control,0,young,4,3,,3,,3,,1,,1,,1,,1,,1,,1,
635,20,79,control,0,young,5,3,,3,,3,,2,,1,,1,,1,,1,,1,
636,21,79,control,0,young,6,3,,3,,3,,3,,3,,3,,3,,3,,2,
637,22,79,control,0,young,7,2,,2,,2,,2,,2,,2,,2,,2,,2,
638,23,79,control,0,young,8,2,,2,,2,,3,,3,,3,,3,,3,,2,
639,24,79,control,0,young,9,3,,3,,3,,3,,3,,3,,3,,2,,2,